<?xml version="1.0" encoding="UTF-8"?>
<!DOCTYPE hibernate-configuration PUBLIC
"-//Hibernate/Hibernate Configuration DTD 3.0//EN"
"http://www.hibernate.org/dtd/hibernate-configuration-3.0.dtd">
<hibernate-configuration>          
    <session-factory> 
        <property name="hbm2ddl.auto">update</property>      
        <property name="dialect">org.hibernate.dialect.Oracle10gDialect</property>      
        <property name="connection.url">jdbc:oracle:thin:@DESKTOP-GFRJC27:1521:XE</property>      
        <property name="connection.username">hr</property>      
        <property name="connection.password">hr</property>      
        <property name="connection.driver_class">oracle.jdbc.driver.OracleDriver</property>
        <property name="current_session_context_class">thread</property>
        <property name="show_sql">true</property>
        <mapping class="com.dept.Department"/>     
    </session-factory>    
</hibernate-configuration>